ProductID,ProductName,Category,SupplierID,UnitPrice,UnitsInStock,UnitsOnOrder,ReorderLevel,Discontinued
1,Jacket,Home Goods,1,828.53,7098,344,380,FALSE
2,Headphones,Home Goods,2,676.5,1193,134,320,FALSE
3,Microwave,Home Goods,3,256.77,7231,753,59,FALSE
4,Blender,Electronics,4,794.8,2275,155,516,FALSE
5,Smartphone,Clothing,5,406.71,4369,931,402,FALSE
6,Television,Home Goods,6,914.62,311,792,880,FALSE
7,Laptop,Electronics,7,873.26,6372,689,667,FALSE
8,Microwave,Electronics,8,446.96,8387,263,499,FALSE
9,Microwave,Clothing,9,240.58,3544,505,864,TRUE
10,Smartphone,Electronics,10,36.74,8227,54,873,TRUE
11,T-Shirt,Electronics,11,709.27,4165,44,476,FALSE
12,Headphones,Home Goods,12,36.06,4213,301,697,TRUE
13,T-Shirt,Home Goods,13,733.51,4754,836,800,FALSE
14,Headphones,Home Goods,14,804.62,1848,801,488,TRUE
15,Television,Clothing,15,896.66,7031,617,959,TRUE
16,Blender,Clothing,16,654.04,3641,616,488,TRUE
17,Headphones,Home Goods,17,14.48,4717,382,951,TRUE
18,Microwave,Electronics,18,991,9634,989,725,FALSE
19,Television,Clothing,19,588.2,962,449,370,TRUE
20,Blender,Home Goods,20,139.98,9289,666,200,TRUE
21,Laptop,Home Goods,21,121.95,2200,133,633,TRUE
22,Laptop,Home Goods,22,825.19,8008,146,432,TRUE
23,Microwave,Home Goods,23,727.17,8361,749,72,FALSE
24,Television,Clothing,24,537.24,7800,700,432,TRUE
25,T-Shirt,Clothing,25,84.21,5642,779,491,FALSE
26,Television,Home Goods,26,908.97,2140,570,300,FALSE
27,Laptop,Clothing,27,255.39,3909,883,903,TRUE
28,T-Shirt,Clothing,28,865.23,9530,507,354,TRUE
29,Microwave,Electronics,29,315.35,1875,253,358,TRUE
30,Laptop,Clothing,30,541.08,9794,4,505,TRUE
31,Blender,Electronics,31,796.22,6047,933,448,FALSE
32,Television,Electronics,32,970.62,7438,106,207,TRUE
33,Television,Home Goods,33,702.7,2403,931,20,TRUE
34,Laptop,Home Goods,34,399.38,8864,696,77,FALSE
35,Microwave,Electronics,35,174.56,6427,162,215,TRUE
36,Laptop,Clothing,36,405.56,9419,985,138,FALSE
37,Jacket,Home Goods,37,283.18,6999,449,335,FALSE
38,Smartphone,Home Goods,38,816.83,4472,978,178,FALSE
39,Microwave,Clothing,39,525,4985,731,384,FALSE
40,Television,Home Goods,40,697.31,9727,211,635,FALSE
41,Smartphone,Home Goods,41,757.36,4167,75,43,TRUE
42,Smartphone,Electronics,42,400.74,3612,601,549,FALSE
43,Microwave,Home Goods,43,6.63,2458,303,558,TRUE
44,Television,Home Goods,44,858.45,9582,147,461,TRUE
45,Jeans,Electronics,45,598.87,6074,701,37,TRUE
46,Laptop,Electronics,46,437.39,886,713,790,FALSE
47,Laptop,Clothing,47,909.95,2141,694,788,FALSE
48,Jacket,Electronics,48,667.29,1062,497,580,TRUE
49,Jacket,Clothing,49,82.6,8143,385,331,FALSE
50,Headphones,Clothing,50,79.38,7451,409,831,FALSE
51,Jeans,Clothing,51,56.48,1495,487,112,TRUE
52,Blender,Electronics,52,803.14,3145,227,912,TRUE
53,T-Shirt,Clothing,53,539.09,2722,750,254,FALSE
54,Desk Chair,Electronics,54,997.82,4593,723,642,FALSE
55,Jacket,Clothing,55,372.07,1066,443,107,TRUE
56,Jacket,Electronics,56,4.08,4755,1000,714,TRUE
57,Jacket,Electronics,57,556.15,5993,686,909,TRUE
58,Jeans,Home Goods,58,857,6359,111,855,TRUE
59,Jeans,Home Goods,59,991.71,351,149,966,TRUE
60,Laptop,Clothing,60,390.23,8908,293,967,TRUE
61,Headphones,Clothing,61,121.64,3024,977,333,FALSE
62,Jacket,Electronics,62,953.36,5295,254,76,FALSE
63,T-Shirt,Clothing,63,732.53,8771,33,155,TRUE
64,Television,Clothing,64,217.9,4478,784,821,TRUE
65,Jeans,Clothing,65,560.95,658,866,243,TRUE
66,Headphones,Electronics,66,265.27,9960,561,557,TRUE
67,Headphones,Clothing,67,489.46,8074,822,67,TRUE
68,Jacket,Electronics,68,810.69,9837,26,831,TRUE
69,T-Shirt,Home Goods,69,684.43,7236,907,738,TRUE
70,Desk Chair,Electronics,70,64.62,448,106,14,TRUE
71,Smartphone,Electronics,71,326.81,9241,585,505,TRUE
72,T-Shirt,Clothing,72,311.76,5271,68,889,FALSE
73,Headphones,Clothing,73,220.56,9836,729,45,FALSE
74,Microwave,Home Goods,74,74.61,5384,122,261,FALSE
75,Smartphone,Home Goods,75,290.81,6041,814,839,TRUE
76,Microwave,Electronics,76,209.87,6490,864,565,FALSE
77,Jacket,Home Goods,77,524.39,7478,102,731,FALSE
78,T-Shirt,Clothing,78,999.01,1939,430,436,TRUE
79,Laptop,Clothing,79,917.46,6184,620,857,TRUE
80,Jacket,Clothing,80,906.99,8001,878,552,TRUE
81,Microwave,Clothing,81,617.23,2927,412,598,TRUE
82,Jacket,Home Goods,82,358.02,8892,890,122,TRUE
83,Jeans,Clothing,83,988.73,4750,58,432,FALSE
84,Desk Chair,Electronics,84,377.63,7531,231,141,FALSE
85,Headphones,Electronics,85,307.92,2420,553,984,FALSE
86,Jeans,Home Goods,86,675.2,6254,748,912,FALSE
87,Desk Chair,Electronics,87,405.97,3998,679,830,FALSE
88,Blender,Clothing,88,547.57,8082,579,763,TRUE
89,Blender,Home Goods,89,314.68,6215,313,364,TRUE
90,Smartphone,Clothing,90,206.4,5581,594,508,FALSE
91,Television,Clothing,91,998.55,8496,774,764,TRUE
92,Microwave,Clothing,92,43.13,8998,813,811,FALSE
93,Blender,Clothing,93,410.47,2517,336,182,FALSE
94,Desk Chair,Electronics,94,925.42,6317,648,690,FALSE
95,Headphones,Home Goods,95,870.76,3602,177,326,FALSE
96,Jeans,Electronics,96,480.04,8539,868,4,FALSE
97,T-Shirt,Home Goods,97,901.88,2580,213,593,TRUE
98,T-Shirt,Electronics,98,58.62,5350,755,407,TRUE
99,Laptop,Electronics,99,612.91,2723,906,618,TRUE
100,Smartphone,Home Goods,100,217.21,985,421,708,FALSE
101,Desk Chair,Home Goods,101,92.49,4054,528,347,TRUE
102,Headphones,Clothing,102,190.41,4271,446,381,TRUE
103,T-Shirt,Electronics,103,560.49,8346,625,564,FALSE
104,Jacket,Home Goods,104,202.48,4670,373,979,TRUE
105,Smartphone,Home Goods,105,93.85,4492,461,41,FALSE
106,Smartphone,Clothing,106,294.46,6289,851,100,TRUE
107,Television,Electronics,107,740.37,2220,762,938,FALSE
108,Laptop,Clothing,108,911.15,4256,893,273,TRUE
109,Laptop,Home Goods,109,209.69,6228,50,551,FALSE
110,Smartphone,Clothing,110,976.26,3415,527,106,TRUE
111,T-Shirt,Home Goods,111,334.82,6565,283,782,TRUE
112,Headphones,Electronics,112,2.63,4023,683,0,FALSE
113,Microwave,Home Goods,113,393.76,3015,5,251,FALSE
114,Microwave,Home Goods,114,771.83,4031,320,916,TRUE
115,Desk Chair,Home Goods,115,844.63,2148,959,624,FALSE
116,Smartphone,Home Goods,116,543.15,3189,761,891,TRUE
117,Jeans,Home Goods,117,475.45,8583,23,308,FALSE
118,T-Shirt,Electronics,118,593.14,6020,529,927,TRUE
119,Microwave,Clothing,119,104.72,6178,319,961,FALSE
120,Laptop,Home Goods,120,312.3,5810,682,413,FALSE
121,Television,Electronics,121,902.67,941,152,545,FALSE
122,Television,Clothing,122,757.7,610,289,709,FALSE
123,Microwave,Clothing,123,930.24,4497,492,690,TRUE
124,T-Shirt,Electronics,124,739.45,1945,173,426,FALSE
125,Jeans,Clothing,125,657.44,2197,944,917,TRUE
126,Microwave,Home Goods,126,365.14,2174,252,142,TRUE
127,T-Shirt,Home Goods,127,340.36,8636,838,641,FALSE
128,Headphones,Clothing,128,377.61,7836,756,486,FALSE
129,Blender,Clothing,129,3.98,590,814,755,TRUE
130,T-Shirt,Clothing,130,582.08,6840,350,431,TRUE
131,Laptop,Electronics,131,829.05,1193,521,326,TRUE
132,Smartphone,Home Goods,132,614.22,1178,62,147,TRUE
133,Headphones,Electronics,133,396.76,4410,934,401,FALSE
134,Smartphone,Electronics,134,687.8,741,500,790,FALSE
135,Television,Clothing,135,340.06,3958,316,55,FALSE
136,Television,Electronics,136,726.08,8883,941,859,TRUE
137,Blender,Electronics,137,573.39,9183,541,80,FALSE
138,Television,Electronics,138,33.72,6645,838,768,TRUE
139,Microwave,Home Goods,139,430.16,7755,390,365,FALSE
140,Microwave,Clothing,140,250.6,976,96,101,FALSE
141,T-Shirt,Clothing,141,681.48,8298,257,588,TRUE
142,Smartphone,Clothing,142,188.98,4982,631,672,TRUE
143,Television,Clothing,143,222.35,914,68,371,TRUE
144,Smartphone,Electronics,144,534.57,79,771,425,TRUE
145,Headphones,Electronics,145,15.11,546,601,500,TRUE
146,Desk Chair,Home Goods,146,391.36,3701,943,811,TRUE
147,Microwave,Clothing,147,941.85,1487,829,170,FALSE
148,Television,Home Goods,148,918.8,101,516,698,TRUE
149,Desk Chair,Clothing,149,2.74,425,459,69,TRUE
150,T-Shirt,Electronics,150,289.02,8594,553,174,FALSE
151,Television,Electronics,151,5.86,7425,550,106,FALSE
152,Jeans,Home Goods,152,192.33,852,640,49,TRUE
153,Jacket,Home Goods,153,42.28,6143,439,9,FALSE
154,Television,Clothing,154,503.34,4932,679,231,TRUE
155,Jacket,Electronics,155,359.53,8577,431,390,FALSE
156,Blender,Clothing,156,522.36,1177,833,702,TRUE
157,Jeans,Clothing,157,27.48,57,3,18,FALSE
158,Laptop,Clothing,158,177.86,8833,25,834,FALSE
159,Television,Home Goods,159,124.93,4654,610,652,TRUE
160,Headphones,Electronics,160,133.48,2461,981,557,FALSE
161,Blender,Home Goods,161,729.54,8345,879,448,TRUE
162,Jeans,Home Goods,162,428.71,4587,222,495,FALSE
163,Microwave,Electronics,163,729.36,2989,747,701,TRUE
164,Desk Chair,Electronics,164,679.75,7606,501,697,FALSE
165,Smartphone,Clothing,165,279.18,2565,574,818,TRUE
166,T-Shirt,Home Goods,166,246.92,8433,819,10,FALSE
167,Television,Electronics,167,926.96,261,293,708,FALSE
168,Headphones,Electronics,168,365.19,8175,847,599,FALSE
169,Blender,Clothing,169,682.74,5639,820,345,FALSE
170,Desk Chair,Clothing,170,325.12,5159,870,938,FALSE
171,Jacket,Clothing,171,849.97,188,385,27,FALSE
172,Laptop,Home Goods,172,470.78,9713,509,392,TRUE
173,T-Shirt,Clothing,173,261.59,2128,486,163,TRUE
174,Jeans,Clothing,174,635.53,6736,783,188,TRUE
175,Laptop,Clothing,175,205.68,3220,550,874,TRUE
176,Desk Chair,Home Goods,176,417.11,9129,651,109,FALSE
177,Jeans,Home Goods,177,272.24,9407,700,710,FALSE
178,Television,Home Goods,178,224.36,6128,595,651,FALSE
179,Television,Home Goods,179,278.07,1123,694,132,TRUE
180,Jacket,Electronics,180,156.7,4244,691,221,TRUE
181,Desk Chair,Electronics,181,918.8,5296,122,477,TRUE
182,Headphones,Home Goods,182,303.77,4699,261,323,FALSE
183,T-Shirt,Clothing,183,310.61,3555,553,388,FALSE
184,Laptop,Home Goods,184,76.11,2548,765,518,FALSE
185,Microwave,Home Goods,185,716.16,6516,537,637,TRUE
186,Desk Chair,Home Goods,186,177.84,4674,884,214,FALSE
187,Desk Chair,Home Goods,187,755.15,1281,551,371,TRUE
188,Jacket,Home Goods,188,944.91,8042,892,865,TRUE
189,Headphones,Home Goods,189,434.74,5788,645,886,TRUE
190,Smartphone,Electronics,190,693.58,8246,115,399,TRUE
191,T-Shirt,Home Goods,191,255.75,9025,56,564,TRUE
192,Jeans,Home Goods,192,65.33,1347,227,788,TRUE
193,Headphones,Clothing,193,486.59,2662,522,612,TRUE
194,Laptop,Electronics,194,70.05,8444,770,737,TRUE
195,Desk Chair,Clothing,195,893.72,4578,715,385,FALSE
196,Jacket,Electronics,196,410.45,2884,740,765,TRUE
197,Blender,Home Goods,197,103.62,4799,379,502,TRUE
198,Microwave,Home Goods,198,621.34,7029,154,899,TRUE
199,T-Shirt,Clothing,199,774.58,8540,577,868,TRUE
200,Microwave,Home Goods,200,595.18,9550,183,385,FALSE
201,Television,Clothing,201,39.01,9516,353,931,FALSE
202,Headphones,Clothing,202,5.42,4053,324,378,TRUE
203,Smartphone,Home Goods,203,190.28,6837,664,558,FALSE
204,Microwave,Electronics,204,643.29,6838,720,289,FALSE
205,Smartphone,Clothing,205,804.74,318,650,723,TRUE
206,Jeans,Home Goods,206,539.91,8174,125,443,FALSE
207,Smartphone,Clothing,207,822.68,4815,32,843,FALSE
208,T-Shirt,Home Goods,208,107.5,7119,171,798,TRUE
209,T-Shirt,Home Goods,209,870.37,2305,653,864,TRUE
210,Blender,Electronics,210,478.73,3886,414,72,FALSE
211,Television,Electronics,211,496.53,6708,574,911,TRUE
212,Smartphone,Home Goods,212,223.13,1992,783,584,FALSE
213,T-Shirt,Electronics,213,747.54,8277,663,45,TRUE
214,Blender,Home Goods,214,76.52,2325,492,54,FALSE
215,Microwave,Home Goods,215,454.74,4110,719,384,TRUE
216,Jeans,Electronics,216,417.16,369,271,424,TRUE
217,T-Shirt,Clothing,217,372.65,8246,250,568,TRUE
218,T-Shirt,Home Goods,218,394.67,9569,496,29,TRUE
219,Blender,Electronics,219,336.59,8077,43,478,TRUE
220,Laptop,Home Goods,220,687.23,6448,173,541,TRUE
221,Desk Chair,Home Goods,221,96.62,5914,119,176,TRUE
222,Desk Chair,Electronics,222,144.15,2133,514,41,FALSE
223,Smartphone,Home Goods,223,854.12,5810,957,49,FALSE
224,Desk Chair,Electronics,224,903.48,270,741,348,TRUE
225,T-Shirt,Home Goods,225,88.72,2881,369,156,TRUE
226,Desk Chair,Home Goods,226,879.69,5974,711,317,TRUE
227,Television,Clothing,227,157.76,2899,790,866,TRUE
228,Headphones,Clothing,228,228.96,5094,189,994,FALSE
229,Blender,Electronics,229,876.77,2681,990,860,TRUE
230,Blender,Home Goods,230,146.02,7222,60,578,FALSE
231,Microwave,Clothing,231,578.03,1252,986,520,TRUE
232,Blender,Electronics,232,106.29,2973,990,628,FALSE
233,Desk Chair,Home Goods,233,479.94,2454,132,497,FALSE
234,T-Shirt,Home Goods,234,586.16,3435,313,833,TRUE
235,Blender,Clothing,235,978.97,5900,913,357,TRUE
236,Headphones,Clothing,236,302.63,3249,117,246,FALSE
237,T-Shirt,Clothing,237,516.6,2051,173,643,FALSE
238,Microwave,Clothing,238,609.67,1961,46,798,FALSE
239,Headphones,Electronics,239,399.45,9639,148,656,TRUE
240,T-Shirt,Home Goods,240,90.72,7402,265,530,TRUE
241,Jeans,Electronics,241,128.38,8510,176,142,TRUE
242,Smartphone,Home Goods,242,220.85,3972,382,232,FALSE
243,T-Shirt,Electronics,243,945.49,9653,341,763,FALSE
244,Jacket,Electronics,244,584.86,1096,465,765,TRUE
245,Laptop,Electronics,245,295.01,8406,662,375,TRUE
246,Smartphone,Electronics,246,74.53,7662,222,853,TRUE
247,Television,Clothing,247,197.73,5472,318,896,FALSE
248,T-Shirt,Home Goods,248,831.08,1450,486,675,TRUE
249,T-Shirt,Clothing,249,923.36,9343,361,793,TRUE
250,Jacket,Electronics,250,460.76,9273,237,163,TRUE
251,Headphones,Clothing,251,703.25,1379,487,147,FALSE
252,Blender,Electronics,252,562.7,2244,407,740,FALSE
253,Headphones,Clothing,253,996.83,4567,465,209,FALSE
254,T-Shirt,Clothing,254,842.77,2453,909,804,TRUE
255,T-Shirt,Electronics,255,921.66,8112,698,316,FALSE
256,Smartphone,Clothing,256,922.7,7855,886,85,FALSE
257,Blender,Clothing,257,617.31,9732,819,299,FALSE
258,Jeans,Clothing,258,207.98,8399,263,63,FALSE
259,Headphones,Clothing,259,204.99,2852,65,962,TRUE
260,Desk Chair,Home Goods,260,574.4,1673,510,772,TRUE
261,Smartphone,Home Goods,261,598.88,2690,920,340,TRUE
262,Laptop,Home Goods,262,414.44,7174,931,286,FALSE
263,Microwave,Electronics,263,721.07,1756,682,771,TRUE
264,Laptop,Clothing,264,642.55,124,405,741,TRUE
265,Microwave,Home Goods,265,420.75,6457,625,182,TRUE
266,Laptop,Electronics,266,862.35,9417,433,226,FALSE
267,T-Shirt,Clothing,267,994.23,1117,229,109,TRUE
268,Laptop,Clothing,268,268.75,7356,997,134,TRUE
269,Television,Home Goods,269,519.15,3757,349,525,FALSE
270,Television,Home Goods,270,390.22,2605,229,129,TRUE
271,Microwave,Electronics,271,469.16,2398,971,408,FALSE
272,Blender,Clothing,272,103.34,9525,837,858,FALSE
273,T-Shirt,Home Goods,273,889.81,6295,258,635,FALSE
274,Jeans,Home Goods,274,405.17,2098,990,473,FALSE
275,Television,Electronics,275,872.07,623,997,302,FALSE
276,Blender,Clothing,276,490.47,6596,59,686,TRUE
277,Smartphone,Home Goods,277,342.68,1790,352,374,TRUE
278,T-Shirt,Electronics,278,964.75,9402,977,464,TRUE
279,Desk Chair,Clothing,279,964.33,4636,879,402,FALSE
280,Headphones,Home Goods,280,309.7,1448,511,850,TRUE
281,Laptop,Home Goods,281,153.75,4112,476,414,FALSE
282,Microwave,Electronics,282,941.61,435,302,66,TRUE
283,Laptop,Electronics,283,347.71,5949,829,479,TRUE
284,Television,Clothing,284,122.56,8264,526,165,FALSE
285,Laptop,Home Goods,285,47.6,9941,653,66,FALSE
286,Desk Chair,Clothing,286,241.94,1052,882,365,TRUE
287,Laptop,Home Goods,287,563.31,7490,815,599,TRUE
288,Laptop,Clothing,288,122.19,2717,782,698,TRUE
289,Microwave,Home Goods,289,62.17,1100,545,641,FALSE
290,Smartphone,Home Goods,290,834.99,7015,671,700,FALSE
291,Blender,Home Goods,291,259.43,3906,366,567,TRUE
292,Laptop,Electronics,292,443.87,9707,122,756,TRUE
293,Jeans,Electronics,293,780.25,7361,245,946,TRUE
294,Blender,Clothing,294,259.35,8449,875,175,FALSE
295,Headphones,Electronics,295,85,3749,702,724,TRUE
296,Blender,Clothing,296,242.37,3707,258,56,TRUE
297,Jacket,Clothing,297,923.16,5861,205,812,TRUE
298,Jacket,Clothing,298,489.05,5225,520,130,FALSE
299,Jeans,Home Goods,299,825.76,8716,228,784,TRUE
300,Desk Chair,Electronics,300,196.78,3590,610,903,FALSE
301,Microwave,Clothing,301,59.89,4039,732,717,TRUE
302,Desk Chair,Clothing,302,765.23,959,35,427,FALSE
303,T-Shirt,Home Goods,303,322.66,1796,116,803,TRUE
304,Blender,Electronics,304,836.66,4797,899,798,FALSE
305,Jacket,Clothing,305,695.1,4551,256,993,FALSE
306,Smartphone,Electronics,306,118.02,3603,456,323,TRUE
307,Blender,Home Goods,307,85.68,205,984,323,FALSE
308,Jacket,Clothing,308,850.66,367,897,237,FALSE
309,Laptop,Home Goods,309,481.98,5381,23,955,FALSE
310,Jacket,Home Goods,310,322.46,9485,972,390,FALSE
311,Blender,Electronics,311,539.45,4619,348,979,TRUE
312,T-Shirt,Electronics,312,50.68,2166,687,842,FALSE
313,Smartphone,Clothing,313,799.56,4391,516,605,FALSE
314,Jeans,Clothing,314,939.2,6443,23,329,TRUE
315,Laptop,Electronics,315,321.03,4450,689,845,TRUE
316,Television,Home Goods,316,563.08,899,494,677,TRUE
317,Laptop,Clothing,317,90.41,444,854,788,TRUE
318,Smartphone,Electronics,318,55,7376,416,580,FALSE
319,Microwave,Electronics,319,891.42,4280,159,701,TRUE
320,Jacket,Clothing,320,579.09,4601,736,113,TRUE
321,Jacket,Clothing,321,624.26,8665,573,773,FALSE
322,T-Shirt,Clothing,322,448.93,4141,695,237,TRUE
323,Jacket,Home Goods,323,109.7,6099,361,462,FALSE
324,Headphones,Electronics,324,564.93,8274,759,315,FALSE
325,Jacket,Home Goods,325,329.1,3106,311,729,TRUE
326,Blender,Electronics,326,748.11,2270,78,672,FALSE
327,Jacket,Home Goods,327,111.36,52,562,671,FALSE
328,T-Shirt,Electronics,328,681.48,8623,144,1,TRUE
329,Television,Electronics,329,654.8,3764,22,373,TRUE
330,Desk Chair,Clothing,330,472.58,7829,556,681,TRUE
331,Blender,Clothing,331,737.66,547,171,544,TRUE
332,Microwave,Clothing,332,413.38,2325,678,25,FALSE
333,Headphones,Clothing,333,192.81,5351,12,737,FALSE
334,Blender,Clothing,334,273.42,1984,852,39,FALSE
335,Laptop,Home Goods,335,477.17,8898,466,373,TRUE
336,Microwave,Electronics,336,88.85,1518,933,969,FALSE
337,T-Shirt,Electronics,337,182.22,6533,733,968,FALSE
338,Microwave,Home Goods,338,948.61,7873,138,471,FALSE
339,Smartphone,Clothing,339,977.58,5734,842,501,TRUE
340,Blender,Home Goods,340,181.86,6137,50,705,TRUE
341,T-Shirt,Electronics,341,458.86,6352,299,967,TRUE
342,Blender,Home Goods,342,79.83,5161,108,708,FALSE
343,Blender,Clothing,343,872.47,7392,819,502,TRUE
344,Television,Home Goods,344,585.97,7818,354,734,TRUE
345,Smartphone,Clothing,345,923.05,7626,204,934,FALSE
346,Blender,Electronics,346,635.58,4374,784,375,FALSE
347,Blender,Clothing,347,433.65,4199,765,839,TRUE
348,Laptop,Electronics,348,909.68,1729,96,763,FALSE
349,Microwave,Electronics,349,359.12,7667,945,25,TRUE
350,Jeans,Clothing,350,23.02,3202,379,523,FALSE
351,Desk Chair,Home Goods,351,100.08,9718,386,863,TRUE
352,Jacket,Electronics,352,716.79,7097,451,732,FALSE
353,Laptop,Electronics,353,964.18,2939,241,633,TRUE
354,Desk Chair,Clothing,354,647.44,6706,317,755,FALSE
355,T-Shirt,Clothing,355,6.31,9858,163,304,FALSE
356,Laptop,Home Goods,356,172.14,6815,37,670,FALSE
357,Blender,Electronics,357,161.37,1722,755,118,TRUE
358,Smartphone,Home Goods,358,90.6,1327,958,921,TRUE
359,Laptop,Electronics,359,795.85,2446,682,540,FALSE
360,Television,Home Goods,360,613.18,6292,144,46,TRUE
361,T-Shirt,Clothing,361,5.92,7783,94,695,FALSE
362,Microwave,Clothing,362,150.96,9838,775,988,TRUE
363,Television,Home Goods,363,368.74,3693,812,66,FALSE
364,Desk Chair,Clothing,364,565.38,8786,728,9,FALSE
365,Laptop,Clothing,365,104.61,2445,791,988,FALSE
366,Jeans,Electronics,366,535.74,1130,892,616,FALSE
367,Microwave,Home Goods,367,176.04,111,187,576,FALSE
368,Smartphone,Electronics,368,227.91,6175,270,850,FALSE
369,T-Shirt,Electronics,369,938.65,9683,107,20,TRUE
370,T-Shirt,Home Goods,370,922.07,7808,363,413,FALSE
371,Jacket,Home Goods,371,835,2102,362,933,TRUE
372,Smartphone,Clothing,372,128.51,6962,878,180,TRUE
373,Jeans,Clothing,373,825.69,1660,368,679,FALSE
374,Smartphone,Clothing,374,223.37,2496,434,945,TRUE
375,Television,Electronics,375,876.41,1445,448,651,TRUE
376,Jeans,Home Goods,376,565.89,547,185,354,FALSE
377,Smartphone,Clothing,377,91.93,1043,998,572,FALSE
378,Desk Chair,Clothing,378,156.73,9136,38,929,FALSE
379,Microwave,Electronics,379,709.23,4485,807,950,TRUE
380,Desk Chair,Clothing,380,268,8414,839,189,TRUE
381,Blender,Clothing,381,899.6,2645,632,861,TRUE
382,Blender,Clothing,382,413.4,2970,795,877,TRUE
383,Smartphone,Home Goods,383,333.99,269,137,506,TRUE
384,Jacket,Clothing,384,471.61,9113,242,260,TRUE
385,Jeans,Electronics,385,978.17,1369,867,920,TRUE
386,Desk Chair,Electronics,386,400.2,6032,827,284,TRUE
387,T-Shirt,Home Goods,387,627.93,9637,25,383,FALSE
388,Jacket,Electronics,388,815.07,1159,428,358,TRUE
389,Jacket,Clothing,389,127.54,6327,547,33,FALSE
390,Headphones,Electronics,390,63.74,4061,522,485,TRUE
391,T-Shirt,Home Goods,391,617.6,6535,911,91,FALSE
392,Smartphone,Clothing,392,475.99,4024,770,585,FALSE
393,Headphones,Clothing,393,814.45,3933,130,991,FALSE
394,Desk Chair,Electronics,394,911.95,4614,603,17,FALSE
395,Headphones,Clothing,395,670.62,2086,2,311,TRUE
396,Smartphone,Clothing,396,751.24,1237,292,101,TRUE
397,Television,Home Goods,397,654.32,2460,800,533,TRUE
398,Microwave,Electronics,398,1.84,8675,307,824,FALSE
399,Microwave,Home Goods,399,956.22,5203,644,10,TRUE
400,Jeans,Home Goods,400,79.18,9383,714,877,FALSE
401,Jacket,Home Goods,401,317.11,4335,469,382,TRUE
402,Jeans,Electronics,402,806.8,9789,190,89,TRUE
403,Desk Chair,Home Goods,403,121.04,1300,731,593,FALSE
404,Television,Clothing,404,2.78,7444,698,825,FALSE
405,Television,Electronics,405,768.79,1992,825,953,FALSE
406,Microwave,Clothing,406,19.61,3556,675,704,TRUE
407,Desk Chair,Clothing,407,968.05,5824,961,233,TRUE
408,Jeans,Electronics,408,914.77,3680,36,247,TRUE
409,Smartphone,Home Goods,409,854.88,4888,896,430,FALSE
410,Smartphone,Clothing,410,879.65,1916,795,694,FALSE
411,Television,Clothing,411,274.87,7953,550,530,FALSE
412,Headphones,Clothing,412,886.64,8047,590,956,TRUE
413,Television,Electronics,413,856.13,4793,362,768,FALSE
414,T-Shirt,Clothing,414,618.71,8693,670,928,FALSE
415,Smartphone,Home Goods,415,72.63,6407,60,542,FALSE
416,Jeans,Home Goods,416,898.89,7045,110,69,TRUE
417,Microwave,Clothing,417,857.36,7205,246,473,TRUE
418,Smartphone,Clothing,418,469.34,7492,207,515,TRUE
419,Television,Electronics,419,608.74,1876,135,710,FALSE
420,Jeans,Home Goods,420,376.33,5272,283,558,TRUE
421,Blender,Clothing,421,885.01,8985,481,20,TRUE
422,Smartphone,Home Goods,422,544.41,2493,190,543,TRUE
423,Jacket,Clothing,423,890.18,6553,596,9,TRUE
424,Television,Electronics,424,859.92,1395,423,521,TRUE
425,Microwave,Clothing,425,486.23,5057,951,664,FALSE
426,Smartphone,Home Goods,426,184.49,9716,648,327,FALSE
427,Blender,Electronics,427,73.72,9564,334,224,TRUE
428,Blender,Home Goods,428,128.22,3393,665,238,FALSE
429,Blender,Clothing,429,728.45,9689,774,650,TRUE
430,Jacket,Home Goods,430,512.23,5914,419,114,FALSE
431,Desk Chair,Electronics,431,330.22,3019,513,643,FALSE
432,Jacket,Clothing,432,169.43,446,917,952,FALSE
433,Microwave,Clothing,433,123.26,6370,192,711,FALSE
434,Microwave,Electronics,434,515.04,8824,152,620,TRUE
435,Television,Electronics,435,560.71,2798,320,136,TRUE
436,Jeans,Home Goods,436,828.08,4634,791,945,FALSE
437,Desk Chair,Home Goods,437,957,8611,796,702,TRUE
438,T-Shirt,Home Goods,438,488.51,4118,29,840,TRUE
439,Jeans,Electronics,439,746.15,7691,491,795,FALSE
440,T-Shirt,Electronics,440,555.83,1339,800,163,TRUE
441,Laptop,Clothing,441,613.4,2716,50,85,TRUE
442,Smartphone,Home Goods,442,900.13,5948,493,985,FALSE
443,Desk Chair,Electronics,443,251.33,1090,831,959,FALSE
444,Smartphone,Clothing,444,627.45,7102,359,969,FALSE
445,Jeans,Electronics,445,717.44,99,254,750,TRUE
446,Desk Chair,Home Goods,446,150.27,5077,743,631,TRUE
447,Laptop,Clothing,447,113.59,479,588,375,TRUE
448,Jacket,Home Goods,448,890.32,4456,414,36,FALSE
449,T-Shirt,Home Goods,449,624.72,5170,911,840,FALSE
450,Laptop,Home Goods,450,17.86,506,804,124,TRUE
451,Microwave,Home Goods,451,672.07,8826,72,838,TRUE
452,Laptop,Home Goods,452,496.85,4271,755,359,FALSE
453,Smartphone,Electronics,453,217.6,3883,649,786,FALSE
454,Jeans,Home Goods,454,980.66,5027,640,554,FALSE
455,T-Shirt,Electronics,455,427.64,4145,186,724,TRUE
456,Smartphone,Clothing,456,770.7,6105,731,501,FALSE
457,Smartphone,Home Goods,457,266.04,3847,705,209,TRUE
458,Television,Electronics,458,172.94,2608,157,261,FALSE
459,Blender,Home Goods,459,454.39,617,900,699,FALSE
460,Blender,Electronics,460,949.69,2196,603,107,TRUE
461,Jacket,Electronics,461,751.66,1713,577,495,FALSE
462,Headphones,Electronics,462,421.02,8219,80,822,TRUE
463,Jeans,Electronics,463,925.55,5997,654,413,FALSE
464,Jeans,Electronics,464,343.57,9931,356,525,FALSE
465,Headphones,Home Goods,465,30.59,5004,66,856,TRUE
466,Microwave,Electronics,466,637.23,2098,665,568,FALSE
467,Jeans,Clothing,467,612.3,1842,770,482,FALSE
468,Blender,Home Goods,468,156.77,7868,943,850,TRUE
469,Headphones,Clothing,469,915.82,6443,39,542,TRUE
470,Jacket,Electronics,470,42.07,6724,373,961,TRUE
471,Laptop,Clothing,471,321.91,5327,806,834,FALSE
472,Television,Clothing,472,190.8,2318,58,27,FALSE
473,Jeans,Home Goods,473,989.79,8948,503,495,FALSE
474,T-Shirt,Home Goods,474,996.86,1991,790,250,TRUE
475,Smartphone,Electronics,475,62.07,5441,622,274,FALSE
476,Headphones,Electronics,476,971.61,772,603,11,FALSE
477,Microwave,Home Goods,477,159.17,2292,554,518,TRUE
478,Blender,Electronics,478,523.71,7386,102,381,TRUE
479,T-Shirt,Clothing,479,365.27,7012,386,470,TRUE
480,Television,Clothing,480,786.86,4338,977,464,FALSE
481,T-Shirt,Clothing,481,669.61,2943,632,402,FALSE
482,T-Shirt,Electronics,482,382.27,5423,812,310,TRUE
483,Smartphone,Clothing,483,305.56,5431,747,722,TRUE
484,Laptop,Home Goods,484,954.2,156,309,369,FALSE
485,Desk Chair,Electronics,485,351.28,1740,315,216,FALSE
486,T-Shirt,Home Goods,486,190.59,493,969,4,TRUE
487,Smartphone,Clothing,487,952.26,9388,927,566,FALSE
488,Laptop,Electronics,488,142.98,4531,991,863,FALSE
489,Jeans,Home Goods,489,913.35,9022,853,504,FALSE
490,Television,Clothing,490,97.89,6207,795,169,FALSE
491,Headphones,Home Goods,491,631.76,396,333,842,TRUE
492,T-Shirt,Electronics,492,315.08,3278,250,527,TRUE
493,Headphones,Electronics,493,73.93,6428,249,788,FALSE
494,Blender,Electronics,494,582.94,45,649,886,FALSE
495,Laptop,Clothing,495,846.65,9718,625,989,TRUE
496,T-Shirt,Clothing,496,270.82,4624,241,482,FALSE
497,Smartphone,Electronics,497,361.1,2,70,348,FALSE
498,Jeans,Clothing,498,183.18,6397,812,400,FALSE
499,Television,Home Goods,499,990.3,756,848,233,FALSE
500,Microwave,Clothing,500,449.72,6085,238,158,FALSE
501,Jacket,Electronics,501,865.49,1448,519,537,TRUE
502,Microwave,Clothing,502,660.23,5912,779,75,TRUE
503,Blender,Clothing,503,862.8,7794,700,546,TRUE
504,Laptop,Home Goods,504,312.79,7,297,910,FALSE
505,Headphones,Home Goods,505,188.71,7310,470,845,FALSE
506,T-Shirt,Electronics,506,298.34,2790,100,18,FALSE
507,Television,Home Goods,507,744.88,6887,391,50,TRUE
508,Blender,Clothing,508,864.7,5177,214,997,TRUE
509,Blender,Clothing,509,993.57,62,785,502,TRUE
510,Blender,Clothing,510,737.64,5661,140,768,FALSE
511,Laptop,Electronics,511,526.52,5805,567,921,TRUE
512,Smartphone,Electronics,512,222.62,80,165,798,FALSE
513,Laptop,Home Goods,513,782.37,2527,532,623,FALSE
514,Smartphone,Clothing,514,542.73,8982,983,634,TRUE
515,Laptop,Home Goods,515,368.67,3471,468,615,FALSE
516,Blender,Clothing,516,733.74,9295,571,84,FALSE
517,Desk Chair,Home Goods,517,138.51,44,306,308,TRUE
518,Jacket,Home Goods,518,579.09,6929,549,241,TRUE
519,Jeans,Clothing,519,123,8159,713,554,TRUE
520,Headphones,Home Goods,520,630.22,2768,233,204,FALSE
521,Blender,Home Goods,521,536.33,3198,635,537,TRUE
522,Desk Chair,Clothing,522,796.06,9350,163,142,TRUE
523,Television,Clothing,523,826.86,107,59,339,FALSE
524,Smartphone,Electronics,524,48.53,7558,578,197,TRUE
525,Jacket,Home Goods,525,603.08,67,811,705,TRUE
526,Headphones,Home Goods,526,209.56,8645,193,103,FALSE
527,Smartphone,Electronics,527,661.52,249,298,899,FALSE
528,Television,Home Goods,528,113.01,78,676,808,FALSE
529,Headphones,Home Goods,529,837.17,6606,815,885,TRUE
530,Jacket,Home Goods,530,353.95,26,778,132,FALSE
531,Desk Chair,Home Goods,531,26.27,295,773,929,TRUE
532,Desk Chair,Electronics,532,139.14,4937,967,885,FALSE
533,T-Shirt,Home Goods,533,928.98,4949,519,435,FALSE
534,Smartphone,Electronics,534,120.64,1575,158,596,TRUE
535,Headphones,Clothing,535,707.09,5685,263,197,TRUE
536,Desk Chair,Electronics,536,930.92,1175,79,167,TRUE
537,Television,Clothing,537,952.38,4965,947,50,FALSE
538,Blender,Clothing,538,420.52,7490,695,85,FALSE
539,Jeans,Home Goods,539,988.77,5517,395,80,TRUE
540,Desk Chair,Home Goods,540,367.13,1500,999,950,TRUE
541,Desk Chair,Clothing,541,476.41,1184,667,783,TRUE
542,Jeans,Home Goods,542,392.07,559,800,819,FALSE
543,Desk Chair,Home Goods,543,828.6,5846,165,190,TRUE
544,Desk Chair,Electronics,544,43.85,4630,153,957,FALSE
545,Headphones,Electronics,545,340.85,5142,798,271,TRUE
546,Laptop,Electronics,546,805.29,9698,610,991,FALSE
547,Television,Home Goods,547,108.73,3571,919,862,FALSE
548,Headphones,Home Goods,548,437.63,8755,541,66,FALSE
549,Desk Chair,Clothing,549,471.67,5326,99,584,FALSE
550,Laptop,Home Goods,550,849.26,8497,320,549,TRUE
551,Desk Chair,Electronics,551,506.61,5905,714,213,FALSE
552,Headphones,Clothing,552,589.93,6718,538,525,TRUE
553,Headphones,Clothing,553,337.37,5774,840,793,FALSE
554,Jacket,Home Goods,554,966.96,6689,550,15,TRUE
555,Smartphone,Home Goods,555,196.46,2832,164,279,FALSE
556,Jeans,Home Goods,556,741.58,9247,818,216,FALSE
557,Jeans,Clothing,557,153.83,2977,861,126,TRUE
558,Blender,Home Goods,558,564.39,672,977,370,FALSE
559,Headphones,Clothing,559,830.37,6357,344,269,TRUE
560,Headphones,Electronics,560,375.42,3576,365,213,TRUE
561,T-Shirt,Home Goods,561,443.83,7302,820,718,FALSE
562,Microwave,Home Goods,562,333.15,7697,962,221,TRUE
563,Television,Clothing,563,812.11,9240,806,287,FALSE
564,Jacket,Clothing,564,95.65,8875,93,58,TRUE
565,Television,Clothing,565,185.77,3257,412,615,TRUE
566,Laptop,Home Goods,566,872.52,9658,545,941,TRUE
567,Television,Clothing,567,995.21,1085,119,547,TRUE
568,T-Shirt,Clothing,568,945.79,1879,964,859,FALSE
569,Microwave,Clothing,569,467.22,6807,575,542,TRUE
570,Laptop,Electronics,570,111.59,3432,541,635,TRUE
571,Smartphone,Clothing,571,602.19,6385,78,672,FALSE
572,Blender,Home Goods,572,31.23,4047,869,656,FALSE
573,Television,Home Goods,573,224.51,3000,869,100,TRUE
574,Headphones,Electronics,574,727.38,2328,640,585,TRUE
575,Television,Clothing,575,113.84,3814,390,551,FALSE
576,Television,Clothing,576,445.64,5407,930,49,TRUE
577,T-Shirt,Clothing,577,922.87,4437,755,535,FALSE
578,Laptop,Electronics,578,475.95,1011,936,947,TRUE
579,Desk Chair,Home Goods,579,296.45,5648,572,796,FALSE
580,Desk Chair,Clothing,580,347.02,3674,178,556,FALSE
581,Laptop,Clothing,581,597.21,2795,253,431,FALSE
582,Jeans,Clothing,582,431.62,5999,27,318,TRUE
583,Blender,Clothing,583,834.64,4605,230,600,TRUE
584,Smartphone,Home Goods,584,929.22,8909,111,960,FALSE
585,Jeans,Home Goods,585,660.5,3837,846,912,FALSE
586,Jeans,Electronics,586,397.62,2156,947,773,TRUE
587,Jacket,Electronics,587,110.97,5551,441,446,TRUE
588,Laptop,Clothing,588,573.1,6541,817,172,FALSE
589,Blender,Clothing,589,268.33,8984,53,956,TRUE
590,Television,Electronics,590,848.5,5601,405,469,TRUE
591,T-Shirt,Electronics,591,536.4,3514,198,871,FALSE
592,Headphones,Home Goods,592,578.44,5403,427,173,TRUE
593,Blender,Home Goods,593,402.66,5629,787,993,FALSE
594,Jeans,Electronics,594,515.83,26,142,471,TRUE
595,Television,Electronics,595,755.21,7594,965,712,TRUE
596,Microwave,Electronics,596,510.6,8609,923,261,TRUE
597,Laptop,Clothing,597,496.06,8824,878,640,FALSE
598,Laptop,Home Goods,598,876.19,7874,585,564,TRUE
599,T-Shirt,Home Goods,599,247.72,8376,956,364,TRUE
600,Desk Chair,Electronics,600,584.15,4260,876,502,FALSE
601,Desk Chair,Home Goods,601,201.97,1501,61,185,TRUE
602,Jeans,Electronics,602,814.51,8935,248,595,FALSE
603,Blender,Electronics,603,115.9,8668,597,145,TRUE
604,Jacket,Home Goods,604,588.42,2873,671,338,TRUE
605,Headphones,Clothing,605,487.6,7700,357,786,FALSE
606,Laptop,Electronics,606,18.9,669,874,484,FALSE
607,Headphones,Home Goods,607,580.8,1826,143,350,TRUE
608,Headphones,Clothing,608,448.5,8181,121,157,TRUE
609,Desk Chair,Clothing,609,713.42,1027,871,222,FALSE
610,Smartphone,Home Goods,610,353.39,5561,111,884,FALSE
611,Jacket,Home Goods,611,594.45,3330,720,141,FALSE
612,Jacket,Clothing,612,658.46,4803,308,676,FALSE
613,Jacket,Home Goods,613,557.66,1659,187,656,TRUE
614,Jeans,Clothing,614,250.29,5839,990,994,TRUE
615,Smartphone,Electronics,615,79.02,8625,173,833,FALSE
616,Jeans,Clothing,616,397.24,657,327,851,FALSE
617,Smartphone,Home Goods,617,709.19,364,160,767,FALSE
618,Desk Chair,Home Goods,618,19.17,9156,507,421,TRUE
619,Microwave,Clothing,619,492.24,5147,64,894,FALSE
620,Smartphone,Home Goods,620,62.96,2978,742,478,TRUE
621,Desk Chair,Home Goods,621,758.07,5493,451,842,FALSE
622,Microwave,Home Goods,622,477.8,7183,70,702,FALSE
623,Jacket,Clothing,623,661.66,8683,117,159,TRUE
624,T-Shirt,Clothing,624,844.79,184,758,196,TRUE
625,Television,Home Goods,625,316.82,9529,923,654,FALSE
626,Headphones,Clothing,626,775.99,8282,703,336,TRUE
627,Jacket,Home Goods,627,897.86,992,842,242,FALSE
628,Blender,Electronics,628,261.41,3879,843,83,FALSE
629,T-Shirt,Electronics,629,800.91,9444,418,563,FALSE
630,Desk Chair,Clothing,630,585.22,4309,188,976,TRUE
631,Smartphone,Electronics,631,441.02,1181,395,969,TRUE
632,Jacket,Electronics,632,792.6,1334,962,721,FALSE
633,Desk Chair,Clothing,633,733.52,9796,438,308,TRUE
634,Headphones,Electronics,634,247.18,605,533,485,TRUE
635,Microwave,Home Goods,635,209,8606,145,618,TRUE
636,Laptop,Electronics,636,533.62,5055,576,448,FALSE
637,Blender,Home Goods,637,629.22,7274,759,479,FALSE
638,T-Shirt,Home Goods,638,322.16,1982,341,820,TRUE
639,Headphones,Clothing,639,370.67,3917,639,352,TRUE
640,Microwave,Electronics,640,936.46,4089,510,45,FALSE
641,Jeans,Clothing,641,670.93,5198,634,718,TRUE
642,Television,Clothing,642,394.61,1525,918,105,TRUE
643,Headphones,Home Goods,643,140.51,1011,377,913,TRUE
644,Laptop,Home Goods,644,308.64,3924,74,534,TRUE
645,Headphones,Electronics,645,989.07,3373,561,833,TRUE
646,Microwave,Home Goods,646,57.82,5070,784,610,FALSE
647,Microwave,Clothing,647,13.42,3787,498,221,FALSE
648,Jeans,Clothing,648,371.26,2544,452,109,TRUE
649,Microwave,Home Goods,649,798.46,2647,447,414,FALSE
650,Microwave,Clothing,650,942.74,1898,150,596,FALSE
651,Blender,Electronics,651,852.03,7,454,224,FALSE
652,Blender,Electronics,652,134.05,7683,650,896,FALSE
653,Jeans,Clothing,653,38.88,2956,555,733,FALSE
654,T-Shirt,Clothing,654,831.07,5542,384,283,TRUE
655,Laptop,Electronics,655,752.49,5720,927,677,FALSE
656,Jeans,Clothing,656,821.04,5319,500,110,TRUE
657,Smartphone,Electronics,657,359.88,2367,11,521,TRUE
658,Jacket,Clothing,658,332.45,9814,400,744,TRUE
659,Microwave,Clothing,659,358.31,9397,463,440,FALSE
660,Smartphone,Clothing,660,398.44,3608,719,846,FALSE
661,Microwave,Clothing,661,510.03,2615,896,182,FALSE
662,Television,Electronics,662,143.91,5776,262,260,FALSE
663,Jeans,Electronics,663,277.83,757,836,796,TRUE
664,Jacket,Clothing,664,499.84,1184,398,807,TRUE
665,Smartphone,Clothing,665,172.45,5672,361,793,TRUE
666,Smartphone,Home Goods,666,472.64,9824,467,5,TRUE
667,Blender,Home Goods,667,288.7,3316,127,803,FALSE
668,Headphones,Home Goods,668,369.3,5995,910,804,FALSE
669,Smartphone,Clothing,669,685.64,9748,866,159,FALSE
670,Jacket,Electronics,670,593.47,5302,740,288,FALSE
671,Desk Chair,Home Goods,671,518.58,2865,567,633,FALSE
672,Television,Electronics,672,787.16,8288,134,363,TRUE
673,Blender,Clothing,673,715.82,7132,901,175,FALSE
674,T-Shirt,Clothing,674,746.47,3605,513,957,FALSE
675,Microwave,Clothing,675,131.75,8254,508,218,FALSE
676,Smartphone,Clothing,676,756.04,5306,280,937,FALSE
677,Laptop,Clothing,677,912.1,7571,664,533,TRUE
678,Smartphone,Electronics,678,840.52,360,393,801,FALSE
679,Jeans,Electronics,679,561.71,9574,335,296,FALSE
680,Smartphone,Electronics,680,564.9,6942,211,548,FALSE
681,Jacket,Clothing,681,649.24,913,772,763,TRUE
682,Desk Chair,Clothing,682,525.55,835,488,397,FALSE
683,Television,Electronics,683,243.75,7020,623,753,TRUE
684,Blender,Home Goods,684,552.18,3470,923,754,FALSE
685,Microwave,Electronics,685,862.37,7531,609,512,TRUE
686,Microwave,Home Goods,686,617.75,54,364,19,FALSE
687,Headphones,Clothing,687,256.29,4006,842,325,FALSE
688,Laptop,Clothing,688,208.51,5287,37,547,FALSE
689,Jacket,Electronics,689,618.15,4843,850,56,TRUE
690,Jeans,Clothing,690,215.18,4552,31,530,TRUE
691,Jeans,Electronics,691,771.1,1205,724,523,FALSE
692,T-Shirt,Electronics,692,26.87,4560,346,385,FALSE
693,Blender,Home Goods,693,178.56,3428,48,323,FALSE
694,Television,Clothing,694,890.3,6343,840,82,FALSE
695,Headphones,Home Goods,695,768.03,2070,560,394,FALSE
696,Headphones,Electronics,696,105.25,1920,703,581,TRUE
697,Desk Chair,Home Goods,697,614.11,5768,902,763,TRUE
698,Microwave,Electronics,698,528.42,3994,957,131,TRUE
699,Jeans,Electronics,699,980.25,3475,790,61,TRUE
700,Blender,Electronics,700,204.72,5172,720,116,FALSE
701,T-Shirt,Clothing,701,206.75,6342,95,963,FALSE
702,Jacket,Electronics,702,700.4,7633,10,208,TRUE
703,Jacket,Clothing,703,435.22,118,393,945,TRUE
704,Blender,Clothing,704,214.63,1582,963,168,TRUE
705,Jeans,Home Goods,705,299.71,713,818,45,TRUE
706,Laptop,Home Goods,706,939.42,6364,730,383,TRUE
707,Television,Clothing,707,387.08,9703,935,620,TRUE
708,Blender,Clothing,708,677.03,7121,333,717,TRUE
709,Headphones,Electronics,709,950.82,7212,360,305,FALSE
710,Jacket,Home Goods,710,491.93,6502,980,358,TRUE
711,T-Shirt,Electronics,711,226.01,6465,874,566,TRUE
712,Desk Chair,Clothing,712,757.4,4203,262,95,TRUE
713,T-Shirt,Clothing,713,785.91,9183,985,843,TRUE
714,Jeans,Home Goods,714,244.46,3606,886,480,TRUE
715,Jeans,Home Goods,715,669.72,7858,697,972,FALSE
716,Desk Chair,Electronics,716,92.71,2034,15,978,TRUE
717,Headphones,Clothing,717,13.6,144,644,928,TRUE
718,Microwave,Home Goods,718,747.52,5902,219,483,TRUE
719,Jacket,Clothing,719,119.01,4907,591,581,FALSE
720,Microwave,Clothing,720,372.63,2815,147,108,FALSE
721,Headphones,Clothing,721,798.38,7592,697,348,TRUE
722,Headphones,Electronics,722,164.01,192,930,276,FALSE
723,Laptop,Electronics,723,692.64,1777,74,215,TRUE
724,Smartphone,Clothing,724,453.6,5168,944,763,TRUE
725,Desk Chair,Clothing,725,398.58,6866,92,809,FALSE
726,Blender,Electronics,726,238.52,5898,426,530,TRUE
727,Television,Home Goods,727,268.08,8037,153,641,TRUE
728,Jacket,Home Goods,728,414.25,2174,377,557,FALSE
729,Smartphone,Home Goods,729,833.46,6429,674,311,TRUE
730,Headphones,Electronics,730,306.96,837,242,344,FALSE
731,Desk Chair,Electronics,731,759.96,5935,758,360,FALSE
732,Jeans,Electronics,732,423.9,465,474,533,FALSE
733,Smartphone,Clothing,733,44.12,4292,52,151,FALSE
734,Jeans,Home Goods,734,646.52,6438,78,333,FALSE
735,Television,Clothing,735,250.61,2406,658,575,TRUE
736,Jacket,Clothing,736,968.9,6742,459,419,FALSE
737,Blender,Home Goods,737,280.52,6426,972,392,FALSE
738,Jeans,Home Goods,738,815.33,6615,83,520,TRUE
739,Blender,Home Goods,739,905.19,507,842,473,FALSE
740,Blender,Clothing,740,638.35,5898,766,752,TRUE
741,Jacket,Clothing,741,962.61,6468,568,90,TRUE
742,Jeans,Home Goods,742,900.28,2481,530,905,TRUE
743,Jeans,Home Goods,743,574.02,3931,350,68,TRUE
744,Laptop,Home Goods,744,674.66,4850,667,241,TRUE
745,Smartphone,Electronics,745,478.26,1316,129,383,TRUE
746,T-Shirt,Home Goods,746,150.76,6166,717,418,TRUE
747,Laptop,Clothing,747,913.55,7045,940,562,FALSE
748,Blender,Home Goods,748,837.44,7117,754,966,FALSE
749,Headphones,Home Goods,749,141.76,4594,159,720,FALSE
750,Jeans,Electronics,750,120.16,1438,79,430,FALSE
751,Blender,Home Goods,751,283.78,9660,831,567,TRUE
752,Desk Chair,Electronics,752,347.15,6952,899,567,FALSE
753,Television,Clothing,753,651.77,5916,511,121,FALSE
754,Television,Electronics,754,573.52,4747,326,118,FALSE
755,Smartphone,Electronics,755,981.87,5586,571,41,TRUE
756,Microwave,Home Goods,756,469.36,9408,689,112,TRUE
757,Microwave,Clothing,757,204.59,7089,900,338,TRUE
758,T-Shirt,Electronics,758,554.54,4278,852,707,TRUE
759,Television,Electronics,759,550.57,5850,280,176,FALSE
760,Television,Home Goods,760,671.84,7150,382,119,TRUE
761,Desk Chair,Electronics,761,348.49,3251,928,957,TRUE
762,Jacket,Electronics,762,654.97,5457,72,419,FALSE
763,Jacket,Home Goods,763,11.49,8003,488,678,FALSE
764,Smartphone,Electronics,764,191.46,6283,734,923,FALSE
765,Jeans,Electronics,765,487.52,5322,112,418,FALSE
766,Smartphone,Home Goods,766,320.05,6932,561,379,TRUE
767,T-Shirt,Clothing,767,94.48,102,291,172,TRUE
768,Microwave,Clothing,768,721.59,4192,258,671,TRUE
769,Laptop,Clothing,769,665,2015,748,292,FALSE
770,Microwave,Electronics,770,82.29,8468,64,733,FALSE
771,Desk Chair,Clothing,771,524.04,559,110,75,FALSE
772,Headphones,Home Goods,772,533.6,9170,428,908,TRUE
773,Headphones,Electronics,773,200.67,5172,27,71,FALSE
774,Jeans,Clothing,774,659.06,8919,411,334,TRUE
775,Headphones,Home Goods,775,526.09,8085,9,859,TRUE
776,Laptop,Home Goods,776,184.85,3741,495,818,TRUE
777,Microwave,Clothing,777,788.63,8862,653,427,TRUE
778,Desk Chair,Home Goods,778,420.51,6246,127,130,FALSE
779,Blender,Clothing,779,829.07,7381,256,294,TRUE
780,Jacket,Home Goods,780,324.75,6528,49,514,FALSE
781,Jacket,Electronics,781,600.66,8069,142,754,FALSE
782,Desk Chair,Home Goods,782,638.18,1653,358,839,FALSE
783,Jeans,Clothing,783,924.34,8558,42,263,FALSE
784,Jacket,Home Goods,784,572.59,8752,886,139,TRUE
785,Desk Chair,Clothing,785,911.21,6533,367,194,FALSE
786,Television,Electronics,786,417.23,4049,452,190,TRUE
787,Desk Chair,Clothing,787,125.54,9118,722,515,FALSE
788,Jacket,Home Goods,788,931.2,108,529,778,TRUE
789,Television,Electronics,789,951.63,3580,758,172,FALSE
790,Desk Chair,Electronics,790,102.19,9521,518,953,FALSE
791,Jacket,Electronics,791,60.5,2680,753,928,FALSE
792,Microwave,Clothing,792,419.37,2437,817,875,TRUE
793,Jacket,Home Goods,793,753.13,6578,776,48,TRUE
794,Headphones,Clothing,794,412.95,7146,828,982,FALSE
795,Television,Electronics,795,938.38,4903,978,55,FALSE
796,T-Shirt,Home Goods,796,511.99,4800,54,253,FALSE
797,Blender,Electronics,797,118.86,643,867,24,FALSE
798,Television,Home Goods,798,299.67,1477,489,189,FALSE
799,Television,Home Goods,799,424.3,4002,46,971,TRUE
800,Television,Home Goods,800,559.7,7611,240,41,FALSE
801,Laptop,Home Goods,801,445.68,5924,285,910,FALSE
802,T-Shirt,Electronics,802,262.25,1044,315,179,FALSE
803,Smartphone,Electronics,803,58.65,7939,207,784,TRUE
804,Desk Chair,Home Goods,804,59.43,6681,957,483,TRUE
805,Laptop,Clothing,805,463.55,9810,500,317,TRUE
806,T-Shirt,Home Goods,806,967.35,6868,487,590,TRUE
807,Desk Chair,Clothing,807,464.91,8208,493,651,TRUE
808,Jeans,Home Goods,808,656.81,7421,85,107,FALSE
809,Smartphone,Clothing,809,848.03,7367,198,88,TRUE
810,Laptop,Clothing,810,215.81,2333,358,267,FALSE
811,Blender,Clothing,811,438.51,1946,213,134,TRUE
812,Jeans,Electronics,812,109.78,8744,297,898,FALSE
813,Jeans,Clothing,813,888.8,4294,586,972,TRUE
814,Jeans,Electronics,814,210.23,3544,689,905,FALSE
815,Jacket,Electronics,815,623.47,7107,132,989,FALSE
816,Microwave,Home Goods,816,590.96,5881,144,311,FALSE
817,Headphones,Electronics,817,64.57,4690,988,842,TRUE
818,Laptop,Clothing,818,405.1,358,833,647,FALSE
819,Smartphone,Clothing,819,266.18,973,405,364,TRUE
820,Laptop,Clothing,820,20.46,2944,357,997,FALSE
821,Blender,Electronics,821,315.8,1942,342,296,FALSE
822,Desk Chair,Home Goods,822,888.07,3024,124,643,TRUE
823,Smartphone,Home Goods,823,276.32,8411,728,662,TRUE
824,Microwave,Clothing,824,791.92,7216,886,966,FALSE
825,Desk Chair,Clothing,825,604.16,7623,646,396,FALSE
826,Blender,Electronics,826,372.45,2929,856,368,FALSE
827,Smartphone,Clothing,827,71.25,6024,502,340,TRUE
828,Laptop,Home Goods,828,109.2,5411,199,959,TRUE
829,Jeans,Home Goods,829,851.22,4580,944,93,TRUE
830,Microwave,Electronics,830,579.05,836,577,672,TRUE
831,Microwave,Home Goods,831,137.43,3424,718,800,TRUE
832,Jacket,Clothing,832,304.79,1479,346,503,TRUE
833,Jacket,Clothing,833,602.66,6394,149,1000,TRUE
834,Smartphone,Clothing,834,820.14,1028,198,376,TRUE
835,Television,Home Goods,835,93.8,7819,405,686,FALSE
836,Microwave,Clothing,836,945.13,9758,17,528,FALSE
837,Microwave,Clothing,837,596.78,5286,252,62,FALSE
838,Smartphone,Electronics,838,764.9,4049,382,833,FALSE
839,Television,Clothing,839,1.98,857,474,335,FALSE
840,Laptop,Clothing,840,693.47,1616,61,779,TRUE
841,Jeans,Home Goods,841,412.45,7491,238,371,FALSE
842,Television,Electronics,842,213.02,9373,910,401,TRUE
843,Jeans,Electronics,843,497.8,1582,283,284,TRUE
844,Headphones,Home Goods,844,290,2188,738,193,FALSE
845,Jacket,Electronics,845,805.81,6589,927,211,TRUE
846,Jeans,Clothing,846,967.49,1854,949,23,FALSE
847,Jacket,Clothing,847,529.66,1781,38,388,TRUE
848,Desk Chair,Home Goods,848,678.31,2706,261,273,TRUE
849,Blender,Electronics,849,472.86,5310,867,285,FALSE
850,Smartphone,Electronics,850,857.4,6499,484,752,FALSE
851,Headphones,Electronics,851,543.54,9271,329,788,TRUE
852,Headphones,Home Goods,852,369.13,8794,905,245,TRUE
853,Jeans,Home Goods,853,685.35,9520,697,785,TRUE
854,Blender,Clothing,854,18.05,3529,448,605,FALSE
855,Microwave,Clothing,855,520.95,8353,819,214,FALSE
856,Laptop,Home Goods,856,915.55,5178,766,925,FALSE
857,Laptop,Clothing,857,999.34,8644,287,855,TRUE
858,Laptop,Clothing,858,576.23,9434,194,333,FALSE
859,Microwave,Clothing,859,483.6,6091,812,6,TRUE
860,Desk Chair,Electronics,860,82.01,8011,102,134,TRUE
861,Jacket,Electronics,861,342.89,8051,367,46,FALSE
862,Headphones,Clothing,862,891.74,773,152,767,TRUE
863,Blender,Clothing,863,455.87,1021,583,377,TRUE
864,Laptop,Clothing,864,847.51,1603,615,720,FALSE
865,Microwave,Clothing,865,825.73,4933,668,862,FALSE
866,T-Shirt,Electronics,866,829.45,7933,841,204,TRUE
867,Laptop,Clothing,867,533.72,1165,241,250,FALSE
868,Desk Chair,Clothing,868,490.67,2154,121,189,TRUE
869,Television,Clothing,869,903.3,7601,976,353,FALSE
870,Blender,Home Goods,870,631.44,8800,860,193,TRUE
871,Microwave,Clothing,871,932.02,1384,521,102,TRUE
872,Blender,Electronics,872,154.07,2381,449,562,FALSE
873,Microwave,Clothing,873,348.65,7384,496,299,TRUE
874,Headphones,Home Goods,874,780.29,8393,272,432,FALSE
875,Headphones,Electronics,875,877.35,6216,97,296,FALSE
876,Jacket,Clothing,876,638.17,490,79,297,FALSE
877,Jeans,Home Goods,877,401.04,1731,23,128,FALSE
878,Blender,Clothing,878,201.9,8122,939,422,TRUE
879,Headphones,Clothing,879,766.52,4563,765,88,FALSE
880,Jacket,Electronics,880,546.05,6470,141,607,TRUE
881,Laptop,Home Goods,881,128.03,6528,308,200,FALSE
882,Smartphone,Home Goods,882,207.51,7865,322,815,TRUE
883,Laptop,Home Goods,883,784.35,4380,226,219,FALSE
884,Blender,Clothing,884,77.46,4724,610,907,FALSE
885,Jeans,Clothing,885,219.03,1932,196,751,FALSE
886,Headphones,Clothing,886,210.47,9149,323,772,FALSE
887,Blender,Home Goods,887,450.37,2142,999,373,TRUE
888,Jacket,Electronics,888,687.05,799,453,542,FALSE
889,Laptop,Home Goods,889,136.52,8649,52,382,FALSE
890,Jacket,Electronics,890,813.7,4591,405,841,FALSE
891,T-Shirt,Clothing,891,186.7,3663,786,174,FALSE
892,Jacket,Home Goods,892,208.56,7579,569,52,TRUE
893,Headphones,Home Goods,893,768.86,6943,180,371,TRUE
894,Jeans,Clothing,894,360.23,2042,792,65,FALSE
895,Jacket,Home Goods,895,900.26,1478,860,253,FALSE
896,Microwave,Home Goods,896,460,9545,921,466,TRUE
897,Jeans,Home Goods,897,532.79,2,325,662,TRUE
898,Television,Electronics,898,493.55,8861,898,663,TRUE
899,T-Shirt,Electronics,899,827.58,224,273,753,FALSE
900,Jacket,Electronics,900,312.22,7473,399,116,TRUE
901,Blender,Home Goods,901,506.93,8033,724,288,TRUE
902,Television,Clothing,902,14.16,632,277,355,FALSE
903,Television,Electronics,903,320.47,8285,878,438,FALSE
904,Smartphone,Electronics,904,971.3,8484,639,586,FALSE
905,Desk Chair,Home Goods,905,121.21,7552,847,272,TRUE
906,T-Shirt,Home Goods,906,482.87,3328,374,367,TRUE
907,Blender,Electronics,907,948.71,9310,988,56,FALSE
908,Desk Chair,Home Goods,908,304.55,871,401,70,FALSE
909,Laptop,Home Goods,909,529.47,4081,154,816,TRUE
910,Headphones,Clothing,910,108.12,3059,5,249,TRUE
911,Headphones,Home Goods,911,352.98,8057,202,473,TRUE
912,Headphones,Clothing,912,12.34,2930,86,581,FALSE
913,Jacket,Electronics,913,907.61,2592,894,862,TRUE
914,Desk Chair,Home Goods,914,228.65,1939,52,738,TRUE
915,Laptop,Clothing,915,240.17,8592,455,597,TRUE
916,Desk Chair,Electronics,916,866.94,5608,225,811,FALSE
917,T-Shirt,Home Goods,917,342.03,2396,459,289,FALSE
918,Smartphone,Electronics,918,120.22,3122,30,648,FALSE
919,Television,Clothing,919,698.58,3286,222,340,FALSE
920,Microwave,Electronics,920,464.67,9738,430,492,FALSE
921,Jeans,Home Goods,921,175.67,6587,32,213,TRUE
922,T-Shirt,Clothing,922,70.07,2346,163,692,FALSE
923,T-Shirt,Electronics,923,484.97,8459,604,900,FALSE
924,Blender,Clothing,924,949.52,9725,157,452,FALSE
925,T-Shirt,Electronics,925,949.26,2678,106,109,FALSE
926,Television,Clothing,926,741.23,9227,559,989,TRUE
927,Microwave,Clothing,927,666.74,4059,42,893,TRUE
928,Laptop,Home Goods,928,982.7,2510,461,911,TRUE
929,T-Shirt,Clothing,929,474.15,9850,534,500,FALSE
930,Microwave,Electronics,930,702.43,5492,623,899,TRUE
931,Microwave,Home Goods,931,831.49,9910,928,935,TRUE
932,Jeans,Clothing,932,925.31,2057,95,356,FALSE
933,Jacket,Clothing,933,525.13,7828,200,709,FALSE
934,Jacket,Home Goods,934,406.79,9772,971,585,TRUE
935,Blender,Electronics,935,63.74,6948,440,128,TRUE
936,Jeans,Clothing,936,807,1311,402,501,TRUE
937,Microwave,Electronics,937,448.48,651,488,288,TRUE
938,Smartphone,Home Goods,938,648.61,6843,21,550,TRUE
939,Blender,Electronics,939,176.41,6018,430,451,FALSE
940,Microwave,Clothing,940,836.23,6090,190,525,TRUE
941,Jeans,Electronics,941,442.62,8696,434,841,TRUE
942,Jeans,Clothing,942,849.76,4236,384,894,FALSE
943,Headphones,Clothing,943,777.62,8705,402,752,FALSE
944,Blender,Home Goods,944,599.73,3203,393,600,FALSE
945,Blender,Home Goods,945,78.88,7971,263,692,TRUE
946,Microwave,Electronics,946,246.37,269,286,609,TRUE
947,Headphones,Home Goods,947,266.59,823,402,25,FALSE
948,Television,Electronics,948,421.41,4582,236,92,FALSE
949,Microwave,Home Goods,949,790.19,2918,649,543,TRUE
950,Television,Clothing,950,179.88,3383,827,261,TRUE
951,Headphones,Clothing,951,621.96,8907,725,441,FALSE
952,Laptop,Electronics,952,534.86,4539,944,95,FALSE
953,Microwave,Electronics,953,24.82,6009,170,176,TRUE
954,Laptop,Electronics,954,989.43,9965,33,753,FALSE
955,Desk Chair,Clothing,955,728.45,3218,369,71,FALSE
956,Smartphone,Home Goods,956,859.26,4683,185,51,FALSE
957,T-Shirt,Clothing,957,74.73,9467,859,111,TRUE
958,Blender,Electronics,958,334.39,1542,936,370,TRUE
959,Microwave,Home Goods,959,886.86,2779,580,770,FALSE
960,Blender,Home Goods,960,968.71,7808,585,60,FALSE
961,Television,Electronics,961,582.71,6179,199,648,FALSE
962,Smartphone,Home Goods,962,313.84,9192,211,205,TRUE
963,Microwave,Electronics,963,224.9,2100,935,221,TRUE
964,Jeans,Home Goods,964,208.7,2881,524,157,FALSE
965,Laptop,Electronics,965,882.62,7347,149,857,TRUE
966,Microwave,Electronics,966,138.52,6553,774,136,FALSE
967,Desk Chair,Clothing,967,57.37,3231,657,951,TRUE
968,Smartphone,Electronics,968,569.34,6597,202,324,TRUE
969,Headphones,Clothing,969,233.63,6487,980,273,TRUE
970,Television,Electronics,970,372.36,934,967,26,FALSE
971,Desk Chair,Clothing,971,14.91,5485,198,510,FALSE
972,Desk Chair,Home Goods,972,529.23,7490,204,222,FALSE
973,Headphones,Electronics,973,832.94,7965,917,888,TRUE
974,Jacket,Electronics,974,281.45,5712,133,533,TRUE
975,Microwave,Electronics,975,858.95,7527,163,685,TRUE
976,T-Shirt,Home Goods,976,975.62,3139,661,625,TRUE
977,Jeans,Home Goods,977,675.82,1507,370,85,FALSE
978,T-Shirt,Electronics,978,345.21,9157,937,965,TRUE
979,Jacket,Home Goods,979,739.4,7764,707,442,TRUE
980,Jeans,Clothing,980,95.57,1106,901,265,TRUE
981,Microwave,Electronics,981,831.24,8612,472,791,TRUE
982,Jacket,Clothing,982,443.72,7967,919,771,TRUE
983,Microwave,Home Goods,983,460.3,9481,791,167,TRUE
984,Jacket,Clothing,984,352.37,5093,21,116,TRUE
985,Headphones,Electronics,985,807.26,7585,990,406,TRUE
986,Jeans,Electronics,986,832.87,7856,409,192,FALSE
987,Smartphone,Clothing,987,477.45,1566,216,700,FALSE
988,Laptop,Electronics,988,646.76,8815,60,896,FALSE
989,Smartphone,Electronics,989,119.51,2740,617,221,FALSE
990,Smartphone,Electronics,990,961.27,3390,878,724,TRUE
991,Laptop,Electronics,991,323.16,9266,964,376,FALSE
992,Jacket,Clothing,992,409.2,343,867,575,TRUE
993,T-Shirt,Electronics,993,585.64,2122,513,574,TRUE
994,Television,Clothing,994,333.17,2632,292,51,FALSE
995,Headphones,Electronics,995,398.86,4517,589,8,FALSE
996,Microwave,Electronics,996,206.11,6159,818,733,FALSE
997,Jacket,Electronics,997,237.4,8390,460,603,FALSE
998,Television,Home Goods,998,739.2,5374,1000,938,TRUE
999,Desk Chair,Home Goods,999,56.42,3660,882,234,TRUE
1000,Smartphone,Home Goods,1000,134.37,4688,49,777,FALSE
